<?xml version="1.0" encoding="UTF-8" standalone="no"?>
<libraryInfos>
    <libraryInfo home="D:\_jsp_workspace\eclipse\plugins\org.eclipse.justj.openjdk.hotspot.jre.full.win32.x86_64_16.0.2.v20210721-1149" version="16.0.2"/>
    <libraryInfo home="C:\Program Files\Java\jdk1.8.0_361" version="1.8.0_361">
        <bootpath>
            <entry path="C:\Program Files\Java\jdk1.8.0_361\jre\lib\resources.jar"/>
            <entry path="C:\Program Files\Java\jdk1.8.0_361\jre\lib\rt.jar"/>
            <entry path="C:\Program Files\Java\jdk1.8.0_361\jre\lib\jsse.jar"/>
            <entry path="C:\Program Files\Java\jdk1.8.0_361\jre\lib\jce.jar"/>
            <entry path="C:\Program Files\Java\jdk1.8.0_361\jre\lib\charsets.jar"/>
            <entry path="C:\Program Files\Java\jdk1.8.0_361\jre\lib\jfr.jar"/>
            <entry path="C:\Program Files\Java\jdk1.8.0_361\jre\classes"/>
        </bootpath>
        <extensionDirs>
            <entry path="C:\Program Files\Java\jdk1.8.0_361\jre\lib\ext"/>
            <entry path="C:\Windows\Sun\Java\lib\ext"/>
        </extensionDirs>
        <endorsedDirs>
            <entry path="C:\Program Files\Java\jdk1.8.0_361\jre\lib\endorsed"/>
        </endorsedDirs>
    </libraryInfo>
    <libraryInfo home="D:\_jsp_workspace\eclipse\plugins\org.eclipse.justj.openjdk.hotspot.jre.full.win32.x86_64_16.0.2.v20210721-1149\jre" version="16.0.2"/>
</libraryInfos>
